<?xml version="1.0" encoding="UTF-8"?>
<!DOCTYPE hibernate-configuration PUBLIC
		"-//Hibernate/Hibernate Configuration DTD 3.0//EN"
		"http://www.hibernate.org/dtd/hibernate-configuration-3.0.dtd">
<hibernate-configuration>
    <session-factory>
        <property name="hibernate.connection.driver_class">oracle.jdbc.driver.OracleDriver</property>
        <property name="hibernate.connection.password"></property>
        <property name="hibernate.connection.url">jdbc:oracle:thin:@example.cbci4h6nizj7.us-east-2.rds.amazonaws.com:1521:EXAMPLE</property>
        <property name="hibernate.connection.username">maria</property>
        <property name="hibernate.dialect">org.hibernate.dialect.OracleDialect</property>
        <property name="hibernate.current_session_context_class">thread</property>
        <property name="hibernate.show_sql">true</property>
    <mapping resource="cart.hbm.xml"/>
        <mapping resource="items.hbm.xml"/>
    </session-factory>

</hibernate-configuration>