<?xml version="1.0" encoding="UTF-8"?>
<!DOCTYPE hibernate-mapping PUBLIC "-//Hibernate/Hibernate Mapping DTD 3.0//EN" 
"https://hibernate.org/dtd/hibernate-mapping-3.0.dtd" >

<hibernate-mapping package="com.modelEntityDemo.model">

	<class name="Items" table="ITEMS">
		<id name="id" type="long">
			<column name="id" />
			<generator class="identity" />
		</id>
		<property name="itemId" type="string">
			<column name="item_id"></column>
		</property>
		<property name="itemTotal" type="double">
			<column name="item_total"></column>
		</property>
		<property name="quantity" type="integer">
			<column name="quantity"></column>
		</property>
		
		<many-to-one name="cart" class="Cart">
			<column name="cart_id" not-null="true"></column>
		</many-to-one>
	</class>

</hibernate-mapping>